{
  "normal_transaction": {
    "Time": 1.3871815012213498,
    "V1": -0.674466064578314,
    "V2": 1.40810501967799,
    "V3": -1.11062205357093,
    "V4": -1.32836577843066,
    "V5": 1.38899603254837,
    "V6": -1.30843906707795,
    "V7": 1.88587890268717,
    "V8": -0.614232966299775,
    "V9": 0.311652212453101,
    "V10": 0.65075700363522,
    "V11": -0.857784661547805,
    "V12": -0.229961445775592,
    "V13": -0.19981700479103,
    "V14": 0.266371326329879,
    "V15": -0.0465441684754424,
    "V16": -0.741398089749789,
    "V17": -0.605616644106022,
    "V18": -0.39256818789208,
    "V19": -0.162648311024695,
    "V20": 0.394321820843914,
    "V21": 0.0800842396026648,
    "V22": 0.810033595602455,
    "V23": -0.224327230436412,
    "V24": 0.707899237446867,
    "V25": -0.13583702273753,
    "V26": 0.0451021964988772,
    "V27": 0.533837219064273,
    "V28": 0.291319252625364,
    "Amount": -0.25995438915074587
  },
  "fraud_transaction": {
    "Time": -0.7976298387694926,
    "V1": -1.27124419171437,
    "V2": 2.46267526851135,
    "V3": -2.85139500331783,
    "V4": 2.3244800653478,
    "V5": -1.37224488981369,
    "V6": -0.948195686538643,
    "V7": -3.06523436172054,
    "V8": 1.16692694787211,
    "V9": -2.26877058844813,
    "V10": -4.88114292689057,
    "V11": 2.25514748870463,
    "V12": -4.68638689759229,
    "V13": 0.652374668512965,
    "V14": -6.17428834800643,
    "V15": 0.594379608016446,
    "V16": -4.84969238709652,
    "V17": -6.53652073527011,
    "V18": -3.11909388163881,
    "V19": 1.71549441975915,
    "V20": 0.560478075726644,
    "V21": 0.652941051330455,
    "V22": 0.0819309763507574,
    "V23": -0.221347831198339,
    "V24": -0.523582159233306,
    "V25": 0.224228161862968,
    "V26": 0.756334522703558,
    "V27": 0.632800477330469,
    "V28": 0.250187092757197,
    "Amount": -0.35164955468263087
  }
}